Nonnative index,Native index,Nonnative score,Native score
1,1,-122.71,-104.67
2,3,-116.0,-102.88
3,6,-113.47,-99.94
4,5,-111.16,-100.53
5,4,-110.44,-100.76
6,11,-110.27,-96.21
7,19,-110.03,-93.48
8,8,-109.74,-97.68
9,15,-109.54,-94.51
10,57,-109.37,-85.94
11,14,-109.34,-94.79
12,54,-109.07,-86.65
13,7,-108.6,-98.19
14,44,-108.53,-89.26
15,30,-108.09,-91.69
16,13,-107.62,-95.36
17,48,-106.03,-88.29
18,50,-105.93,-87.64
19,111,-105.67,-82.28
20,209,-105.56,-78.46
21,24,-105.54,-92.92
22,177,-105.53,-79.47
23,26,-105.12,-92.79
24,12,-104.91,-95.64
25,27,-104.69,-92.38
26,69,-104.63,-84.89
27,80,-104.42,-84.01
28,31,-103.96,-91.54
29,93,-103.68,-83.23
30,63,-103.56,-85.44
31,17,-103.07,-94.2
32,253,-102.72,-76.98
33,139,-102.69,-81.01
34,134,-102.54,-81.26
35,60,-102.22,-85.52
36,164,-102.19,-79.99
37,76,-102.14,-84.27
38,193,-101.78,-78.86
39,221,-101.7,-78.02
40,211,-101.25,-78.43
41,9,-101.26,-97.51
42,45,-101.19,-88.81
43,36,-101.07,-90.62
44,1652,-100.93,0.0
45,52,-100.84,-87.0
46,20,-100.82,-93.26
47,81,-100.78,-83.98
48,18,-100.72,-93.57
49,92,-100.49,-83.21
50,22,-100.34,-93.08
51,88,-100.34,-83.42
52,285,-100.2,-75.96
53,10,-100.03,-96.35
54,87,-99.88,-83.43
55,32,-99.79,-91.38
56,33,-99.63,-91.14
57,21,-99.62,-93.23
58,37,-99.59,-90.47
59,130,-99.6,-81.4
60,114,-99.17,-82.05
61,38,-99.15,-90.42
62,294,-99.14,-75.71
63,70,-98.95,-84.65
64,97,-98.72,-83.02
65,269,-98.6,-76.31
66,58,-98.57,-85.8
67,127,-98.49,-81.48
68,254,-98.47,-76.85
69,361,-98.43,-73.88
70,2,-98.09,-104.39
71,157,-98.01,-80.23
72,330,-98.0,-74.78
73,119,-97.82,-81.84
74,99,-97.81,-82.93
75,142,-97.78,-80.82
76,390,-97.75,-73.3
77,109,-97.64,-82.36
78,34,-97.5,-91.01
79,40,-97.5,-89.77
80,16,-97.34,-94.32
81,55,-97.22,-86.54
82,184,-97.2,-79.24
83,233,-97.16,-77.57
84,350,-97.04,-74.23
85,73,-96.73,-84.4
86,98,-96.61,-82.98
87,194,-96.57,-78.83
88,85,-96.53,-83.61
89,195,-96.4,-78.79
90,235,-96.29,-77.52
91,213,-96.17,-78.25
92,147,-95.93,-80.6
93,167,-95.95,-79.88
94,174,-95.79,-79.56
95,61,-95.63,-85.53
96,322,-95.12,-75.11
97,668,-95.14,-68.15
98,202,-95.14,-78.62
99,1611,-94.91,0.0
100,68,-94.91,-84.89
101,290,-94.68,-75.91
102,100,-94.67,-82.93
103,1594,-94.65,0.0
104,1685,-94.61,0.0
105,245,-94.62,-77.28
106,102,-94.56,-82.58
107,252,-94.57,-77.06
108,1920,-94.51,0.0
109,150,-94.48,-80.44
110,258,-94.41,-76.75
111,250,-94.3,-77.1
112,371,-94.27,-73.77
113,273,-94.13,-76.21
114,299,-94.08,-75.48
115,453,-94.05,-71.99
116,124,-94.02,-81.66
117,65,-93.97,-85.17
118,753,-93.95,-66.94
119,472,-93.87,-71.64
120,86,-93.83,-83.49
121,64,-93.85,-85.42
122,191,-93.83,-79.02
123,145,-93.81,-80.68
124,82,-93.7,-83.88
125,183,-93.65,-79.23
126,196,-93.66,-78.79
127,53,-93.53,-86.95
128,1842,-93.54,0.0
129,246,-93.45,-77.27
130,176,-93.37,-79.53
131,393,-93.34,-73.29
132,204,-93.23,-78.56
133,382,-93.25,-73.57
134,106,-93.19,-82.41
135,287,-93.16,-75.92
136,329,-93.15,-74.92
137,135,-93.15,-81.24
138,47,-93.08,-88.47
139,1808,-93.09,0.0
140,229,-93.07,-77.65
141,275,-92.93,-76.18
142,128,-92.84,-81.46
143,1815,-92.76,0.0
144,881,-92.72,-64.9
145,160,-92.66,-80.07
146,483,-92.68,-71.41
147,489,-92.64,-71.24
148,331,-92.6,-74.75
149,159,-92.59,-80.11
150,1908,-92.54,0.0
151,212,-92.54,-78.37
152,383,-92.45,-73.54
153,216,-92.43,-78.17
154,77,-92.43,-84.02
155,219,-92.39,-78.16
156,575,-92.38,-69.57
157,526,-92.3,-70.38
158,190,-92.28,-79.04
159,133,-92.26,-81.27
160,72,-92.21,-84.62
161,414,-92.17,-72.8
162,59,-92.17,-85.58
163,370,-92.13,-73.77
164,96,-92.12,-83.06
165,113,-92.09,-82.15
166,126,-92.08,-81.52
167,443,-92.08,-72.2
168,116,-91.98,-82.0
169,137,-91.94,-81.17
170,83,-91.89,-83.77
171,206,-91.86,-78.54
172,141,-91.84,-80.85
173,67,-91.8,-84.97
174,199,-91.72,-78.71
175,78,-91.7,-83.99
176,302,-91.69,-75.45
177,107,-91.64,-82.42
178,577,-91.55,-69.51
179,395,-91.49,-73.26
180,365,-91.49,-73.82
181,121,-91.45,-81.82
182,255,-91.32,-76.81
183,1924,-91.19,0.0
184,1974,-91.1,0.0
185,35,-90.94,-90.79
186,591,-90.9,-69.31
187,222,-90.87,-78.0
188,295,-90.88,-75.59
189,1067,-90.87,-62.87
190,666,-90.88,-68.28
191,315,-90.84,-75.27
192,84,-90.82,-83.6
193,1688,-90.78,0.0
194,1975,-90.74,0.0
195,239,-90.75,-77.46
196,251,-90.71,-77.06
197,51,-90.62,-87.16
198,359,-90.6,-74.01
199,41,-90.56,-89.39
200,271,-90.57,-76.26
201,514,-90.5,-70.62
202,556,-90.49,-69.87
203,146,-90.44,-80.63
204,248,-90.4,-77.24
205,373,-90.4,-73.74
206,46,-90.34,-88.49
207,328,-90.33,-74.95
208,1923,-90.27,0.0
209,981,-90.16,-63.74
210,631,-90.03,-68.8
211,39,-90.04,-90.3
212,205,-90.0,-78.53
213,125,-89.84,-81.62
214,28,-89.83,-92.08
215,172,-89.78,-79.7
216,388,-89.8,-73.42
217,841,-89.77,-65.43
218,429,-89.65,-72.54
219,424,-89.59,-72.61
220,238,-89.59,-77.46
221,178,-89.54,-79.45
222,296,-89.48,-75.53
223,308,-89.48,-75.32
224,104,-89.49,-82.45
225,274,-89.45,-76.19
226,256,-89.39,-76.76
227,533,-89.34,-70.26
228,192,-89.33,-78.9
229,1585,-89.27,0.0
230,293,-89.25,-75.72
231,153,-89.25,-80.34
232,1860,-89.22,0.0
233,761,-89.23,-66.77
234,1928,-89.18,0.0
235,311,-89.15,-75.31
236,129,-89.14,-81.42
237,612,-89.11,-69.04
238,1955,-89.07,0.0
239,214,-89.02,-78.22
240,417,-89.0,-72.8
241,179,-88.98,-79.35
242,336,-88.79,-74.6
243,242,-88.78,-77.38
244,291,-88.74,-75.77
245,568,-88.74,-69.62
246,132,-88.66,-81.33
247,1901,-88.58,0.0
248,304,-88.51,-75.44
249,316,-88.47,-75.25
250,505,-88.43,-70.9
251,56,-88.42,-86.11
252,187,-88.37,-79.1
253,468,-88.36,-71.68
254,262,-88.36,-76.63
255,215,-88.23,-78.22
256,95,-88.21,-83.14
257,162,-88.2,-80.05
258,448,-88.13,-72.05
259,259,-88.11,-76.7
260,486,-88.11,-71.32
261,314,-88.07,-75.28
262,267,-87.95,-76.34
263,480,-87.97,-71.46
264,607,-87.95,-69.07
265,860,-87.93,-65.12
266,404,-87.91,-73.02
267,200,-87.84,-78.73
268,560,-87.83,-69.79
269,224,-87.82,-77.92
270,1051,-87.79,-63.05
271,385,-87.77,-73.49
272,1583,-87.74,0.0
273,515,-87.7,-70.63
274,467,-87.61,-71.71
275,360,-87.59,-73.91
276,503,-87.57,-70.91
277,307,-87.56,-75.36
278,1770,-87.56,0.0
279,165,-87.57,-79.96
280,399,-87.53,-73.16
281,546,-87.53,-70.05
282,25,-87.55,-92.92
283,158,-87.55,-80.22
284,43,-87.5,-89.29
285,228,-87.48,-77.69
286,227,-87.41,-77.72
287,279,-87.38,-76.07
288,578,-87.32,-69.49
289,1739,-87.3,0.0
290,400,-87.29,-73.14
291,283,-87.26,-76.03
292,247,-87.25,-77.26
293,865,-87.25,-65.07
294,243,-87.2,-77.3
295,281,-87.16,-76.05
296,456,-87.15,-71.92
297,744,-87.15,-66.99
298,381,-87.16,-73.6
299,451,-87.04,-72.03
300,488,-86.98,-71.28
301,277,-86.95,-76.14
302,1929,-86.87,0.0
303,398,-86.81,-73.17
304,29,-86.81,-91.71
305,723,-86.72,-67.38
306,208,-86.7,-78.48
307,123,-86.7,-81.73
308,1672,-86.68,0.0
309,492,-86.68,-71.09
310,1745,-86.64,0.0
311,378,-86.64,-73.63
312,351,-86.61,-74.23
313,379,-86.58,-73.63
314,583,-86.46,-69.46
315,962,-86.33,-64.09
316,461,-86.29,-71.83
317,338,-86.2,-74.53
318,1857,-86.15,0.0
319,580,-86.12,-69.47
320,663,-86.12,-68.36
321,428,-86.12,-72.58
322,705,-86.08,-67.74
323,310,-86.04,-75.29
324,270,-86.03,-76.25
325,345,-86.05,-74.32
326,410,-86.03,-72.92
327,592,-86.02,-69.28
328,112,-85.97,-82.3
329,105,-85.99,-82.45
330,272,-85.96,-76.21
331,903,-85.92,-64.71
332,1139,-85.89,-61.72
333,572,-85.87,-69.61
334,1678,-85.83,0.0
335,502,-85.79,-70.93
336,700,-85.77,-67.81
337,264,-85.75,-76.57
338,203,-85.62,-78.6
339,790,-85.6,-66.21
340,411,-85.57,-72.92
341,576,-85.52,-69.54
342,91,-85.47,-83.32
343,339,-85.45,-74.51
344,609,-85.38,-69.07
345,610,-85.24,-69.02
346,89,-85.22,-83.4
347,1194,-85.2,-60.75
348,527,-85.15,-70.34
349,523,-85.13,-70.4
350,340,-85.1,-74.51
351,597,-85.06,-69.21
352,313,-84.99,-75.29
353,686,-84.89,-67.91
354,1728,-84.72,0.0
355,1673,-84.68,0.0
356,730,-84.64,-67.31
357,110,-84.6,-82.32
358,520,-84.57,-70.48
359,510,-84.55,-70.74
360,1703,-84.55,0.0
361,230,-84.52,-77.6
362,352,-84.47,-74.12
363,584,-84.48,-69.45
364,792,-84.38,-66.18
365,1613,-84.4,0.0
366,90,-84.37,-83.4
367,1953,-84.37,0.0
368,463,-84.35,-71.8
369,833,-84.34,-65.51
370,1078,-84.31,-62.79
371,201,-84.29,-78.66
372,485,-84.22,-71.36
373,605,-84.08,-69.06
374,459,-84.09,-71.84
375,812,-84.0,-65.87
376,1866,-84.01,0.0
377,278,-83.98,-76.14
378,380,-83.9,-73.59
379,1902,-83.87,0.0
380,678,-83.87,-68.02
381,641,-83.87,-68.62
382,564,-83.87,-69.74
383,633,-83.88,-68.75
384,1097,-83.84,-62.4
385,286,-83.85,-75.96
386,1882,-83.84,0.0
387,1968,-83.81,0.0
388,364,-83.76,-73.83
389,354,-83.76,-74.13
390,1938,-83.77,0.0
391,74,-83.72,-84.35
392,136,-83.72,-81.22
393,1156,-83.71,-61.39
394,1742,-83.67,0.0
395,171,-83.62,-79.73
396,1647,-83.58,0.0
397,138,-83.57,-81.1
398,1875,-83.59,0.0
399,555,-83.48,-69.91
400,986,-83.47,-63.7
401,586,-83.47,-69.41
402,1127,-83.44,-61.91
403,327,-83.43,-74.93
404,23,-83.41,-92.95
405,353,-83.39,-74.13
406,1963,-83.39,0.0
407,312,-83.34,-75.29
408,750,-83.31,-66.95
409,337,-83.32,-74.54
410,720,-83.3,-67.43
411,301,-83.27,-75.44
412,1810,-83.29,0.0
413,344,-83.28,-74.39
414,696,-83.24,-67.83
415,438,-83.26,-72.36
416,640,-83.25,-68.67
417,596,-83.18,-69.21
418,630,-83.18,-68.82
419,257,-83.16,-76.74
420,559,-83.17,-69.82
421,342,-83.14,-74.39
422,218,-83.14,-78.17
423,729,-83.06,-67.31
424,346,-83.08,-74.31
425,156,-83.05,-80.21
426,334,-83.05,-74.74
427,518,-83.02,-70.52
428,144,-82.95,-80.73
429,261,-82.93,-76.63
430,280,-82.93,-76.07
431,1683,-82.9,0.0
432,1773,-82.89,0.0
433,402,-82.86,-73.1
434,1970,-82.82,0.0
435,120,-82.8,-81.8
436,598,-82.81,-69.21
437,425,-82.73,-72.6
438,732,-82.66,-67.27
439,1782,-82.61,0.0
440,433,-82.63,-72.45
441,181,-82.6,-79.31
442,545,-82.55,-70.06
443,457,-82.46,-71.92
444,547,-82.4,-70.03
445,416,-82.41,-72.8
446,1984,-82.38,0.0
447,796,-82.36,-66.06
448,784,-82.22,-66.32
449,182,-82.19,-79.26
450,941,-82.17,-64.38
451,323,-82.17,-75.06
452,151,-82.17,-80.43
453,919,-82.14,-64.53
454,426,-82.12,-72.6
455,1225,-82.08,-60.24
456,305,-82.04,-75.43
457,244,-82.02,-77.3
458,471,-82.03,-71.63
459,1761,-81.98,0.0
460,536,-82.0,-70.26
461,170,-81.93,-79.78
462,292,-81.9,-75.79
463,1271,-81.81,-59.38
464,618,-81.76,-69.0
465,309,-81.69,-75.29
466,912,-81.69,-64.62
467,1912,-81.69,0.0
468,646,-81.7,-68.56
469,676,-81.66,-68.05
470,1133,-81.64,-61.79
471,1679,-81.62,0.0
472,1750,-81.63,0.0
473,938,-81.63,-64.4
474,765,-81.61,-66.65
475,117,-81.55,-81.95
476,154,-81.55,-80.32
477,906,-81.52,-64.64
478,1889,-81.49,0.0
479,673,-81.49,-68.07
480,718,-81.45,-67.46
481,1565,-81.42,0.0
482,289,-81.37,-75.91
483,900,-81.32,-64.7
484,671,-81.32,-68.12
485,874,-81.33,-64.97
486,1236,-81.32,-60.02
487,1567,-81.31,0.0
488,482,-81.29,-71.43
489,401,-81.26,-73.1
490,703,-81.25,-67.73
491,355,-81.22,-74.14
492,1189,-81.14,-60.85
493,175,-81.13,-79.57
494,306,-81.11,-75.43
495,436,-81.1,-72.4
496,1817,-81.05,0.0
497,639,-81.05,-68.69
498,769,-81.04,-66.64
499,554,-80.97,-69.91
500,1916,-80.97,0.0
501,684,-80.93,-67.95
502,854,-80.94,-65.18
503,1957,-80.92,0.0
504,356,-80.86,-74.08
505,1805,-80.83,0.0
506,265,-80.79,-76.55
507,745,-80.75,-67.0
508,1906,-80.77,0.0
509,595,-80.73,-69.24
510,699,-80.74,-67.81
511,1160,-80.66,-61.29
512,937,-80.66,-64.41
513,933,-80.61,-64.46
514,1676,-80.58,0.0
515,924,-80.54,-64.5
516,910,-80.51,-64.65
517,268,-80.5,-76.35
518,793,-80.49,-66.16
519,1062,-80.45,-62.9
520,1227,-80.46,-60.16
521,476,-80.46,-71.58
522,689,-80.43,-67.93
523,2001,-80.42,0.0
524,624,-80.39,-68.95
525,627,-80.33,-68.88
526,1827,-80.34,0.0
527,186,-80.31,-79.11
528,602,-80.25,-69.08
529,298,-80.17,-75.49
530,1628,-80.15,0.0
531,1939,-80.17,0.0
532,945,-80.13,-64.29
533,509,-80.12,-70.78
534,748,-80.1,-66.97
535,679,-80.09,-68.01
536,437,-80.1,-72.38
537,1048,-80.02,-63.09
538,1198,-80.01,-60.7
539,348,-80.02,-74.27
540,189,-79.94,-79.05
541,890,-79.94,-64.82
542,868,-79.9,-65.02
543,1620,-79.9,0.0
544,240,-79.88,-77.43
545,347,-79.86,-74.27
546,1610,-79.87,0.0
547,478,-79.83,-71.49
548,1071,-79.79,-62.84
549,1570,-79.78,0.0
550,260,-79.7,-76.69
551,444,-79.71,-72.18
552,579,-79.66,-69.49
553,667,-79.66,-68.23
554,614,-79.62,-69.0
555,1093,-79.62,-62.53
556,934,-79.59,-64.44
557,1813,-79.6,0.0
558,661,-79.58,-68.37
559,544,-79.57,-70.07
560,1663,-79.53,0.0
561,990,-79.48,-63.63
562,1767,-79.45,0.0
563,1284,-79.43,-59.06
564,613,-79.42,-69.02
565,747,-79.37,-66.98
566,643,-79.34,-68.56
567,824,-79.36,-65.66
568,965,-79.34,-64.03
569,442,-79.32,-72.21
570,825,-79.29,-65.66
571,837,-79.29,-65.48
572,600,-79.25,-69.12
573,764,-79.26,-66.67
574,789,-79.25,-66.2
575,1862,-79.22,0.0
576,501,-79.17,-70.94
577,798,-79.17,-66.05
578,1918,-79.17,0.0
579,659,-79.11,-68.37
580,1586,-79.05,0.0
581,956,-79.04,-64.11
582,1879,-79.05,0.0
583,816,-79.03,-65.85
584,940,-79.01,-64.37
585,642,-79.01,-68.59
586,697,-78.95,-67.82
587,645,-78.93,-68.55
588,1295,-78.93,-58.85
589,103,-78.91,-82.57
590,756,-78.87,-66.83
591,1786,-78.83,0.0
592,621,-78.82,-68.98
593,1165,-78.79,-61.16
594,1801,-78.79,0.0
595,1254,-78.77,-59.64
596,1976,-78.79,0.0
597,232,-78.74,-77.58
598,867,-78.74,-65.01
599,1740,-78.72,0.0
600,672,-78.68,-68.1
601,1845,-78.63,0.0
602,958,-78.62,-64.12
603,846,-78.61,-65.39
604,217,-78.57,-78.17
605,1693,-78.53,0.0
606,1068,-78.54,-62.89
607,1571,-78.52,0.0
608,335,-78.52,-74.69
609,638,-78.52,-68.7
610,996,-78.51,-63.61
611,1633,-78.48,0.0
612,561,-78.45,-69.79
613,637,-78.44,-68.74
614,899,-78.44,-64.73
615,430,-78.45,-72.55
616,237,-78.42,-77.46
617,1769,-78.41,0.0
618,1993,-78.41,0.0
619,1217,-78.41,-60.42
620,1763,-78.43,0.0
621,991,-78.43,-63.63
622,826,-78.43,-65.65
623,771,-78.42,-66.56
624,1729,-78.39,0.0
625,1238,-78.38,-59.88
626,590,-78.39,-69.34
627,1088,-78.36,-62.55
628,498,-78.36,-70.97
629,1654,-78.35,0.0
630,494,-78.33,-71.04
631,1564,-78.32,0.0
632,321,-78.28,-75.15
633,880,-78.2,-64.91
634,1790,-78.2,0.0
635,455,-78.22,-71.95
636,1632,-78.19,0.0
637,1011,-78.15,-63.47
638,1641,-78.14,0.0
639,776,-78.16,-66.49
640,582,-78.05,-69.46
641,946,-78.03,-64.29
642,423,-77.95,-72.6
643,1020,-77.95,-63.39
644,406,-77.92,-73.02
645,440,-77.91,-72.25
646,845,-77.9,-65.43
647,773,-77.87,-66.54
648,1838,-77.82,0.0
649,721,-77.82,-67.4
650,915,-77.78,-64.6
651,737,-77.77,-67.18
652,529,-77.73,-70.29
653,1568,-77.72,0.0
654,1149,-77.72,-61.47
655,1715,-77.74,0.0
656,1666,-77.7,0.0
657,738,-77.69,-67.13
658,1124,-77.68,-61.96
659,319,-77.67,-75.15
660,1776,-77.67,0.0
661,464,-77.65,-71.75
662,367,-77.64,-73.8
663,695,-77.63,-67.86
664,717,-77.6,-67.5
665,1134,-77.61,-61.78
666,1129,-77.6,-61.9
667,1722,-77.62,0.0
668,691,-77.62,-67.89
669,888,-77.59,-64.84
670,445,-77.57,-72.19
671,977,-77.56,-63.82
672,460,-77.55,-71.83
673,1789,-77.55,0.0
674,1110,-77.56,-62.15
675,706,-77.55,-67.72
676,495,-77.49,-71.03
677,829,-77.46,-65.6
678,879,-77.47,-64.93
679,1253,-77.43,-59.63
680,921,-77.41,-64.53
681,1415,-77.37,-55.36
682,333,-77.36,-74.72
683,1363,-77.38,-57.23
684,989,-77.33,-63.63
685,435,-77.33,-72.43
686,148,-77.27,-80.52
687,889,-77.27,-64.84
688,1917,-77.24,0.0
689,332,-77.25,-74.77
690,823,-77.22,-65.7
691,1617,-77.13,0.0
692,1166,-77.07,-61.17
693,484,-77.03,-71.37
694,1235,-77.05,-60.02
695,653,-77.03,-68.47
696,675,-77.04,-68.05
697,1751,-77.02,0.0
698,1593,-77.02,0.0
699,1926,-76.95,0.0
700,1145,-76.95,-61.53
701,396,-76.89,-73.22
702,1099,-76.88,-62.35
703,1265,-76.86,-59.43
704,1780,-76.83,0.0
705,1680,-76.79,0.0
706,535,-76.8,-70.26
707,1590,-76.76,0.0
708,727,-76.74,-67.35
709,1932,-76.71,0.0
710,623,-76.72,-68.94
711,223,-76.61,-77.9
712,939,-76.6,-64.4
713,873,-76.58,-64.98
714,820,-76.52,-65.8
715,712,-76.51,-67.62
716,766,-76.49,-66.67
717,1733,-76.42,0.0
718,266,-76.41,-76.36
719,1816,-76.37,0.0
720,811,-76.38,-65.88
721,374,-76.37,-73.72
722,728,-76.34,-67.32
723,1199,-76.36,-60.67
724,1626,-76.29,0.0
725,901,-76.29,-64.72
726,1690,-76.28,0.0
727,1826,-76.26,0.0
728,832,-76.26,-65.54
729,362,-76.24,-73.89
730,552,-76.22,-69.97
731,1895,-76.19,0.0
732,1423,-76.2,-54.67
733,1308,-76.2,-58.62
734,1675,-76.18,0.0
735,1017,-76.15,-63.39
736,781,-76.13,-66.36
737,716,-76.11,-67.55
738,1037,-76.09,-63.18
739,815,-76.09,-65.87
740,665,-76.09,-68.29
741,1311,-76.08,-58.6
742,1823,-76.06,0.0
743,1746,-76.04,0.0
744,1775,-75.95,0.0
745,1837,-75.97,0.0
746,475,-75.92,-71.57
747,1086,-75.9,-62.59
748,1734,-75.91,0.0
749,1049,-75.89,-63.08
750,808,-75.83,-65.92
751,1965,-75.8,0.0
752,594,-75.78,-69.24
753,849,-75.72,-65.38
754,75,-75.71,-84.36
755,1047,-75.7,-63.1
756,1171,-75.7,-61.15
757,908,-75.64,-64.64
758,1631,-75.6,0.0
759,1798,-75.6,0.0
760,1893,-75.5,0.0
761,1300,-75.51,-58.74
762,542,-75.51,-70.12
763,690,-75.52,-67.9
764,66,-75.49,-85.02
765,1247,-75.42,-59.76
766,914,-75.43,-64.6
767,786,-75.42,-66.28
768,763,-75.4,-66.69
769,866,-75.29,-65.04
770,394,-75.29,-73.28
771,882,-75.26,-64.89
772,920,-75.28,-64.53
773,1118,-75.23,-62.02
774,1343,-75.25,-57.75
775,1854,-75.22,0.0
776,1645,-75.07,0.0
777,432,-75.05,-72.52
778,953,-75.04,-64.19
779,565,-75.03,-69.73
780,1234,-74.99,-60.05
781,1981,-75.01,0.0
782,911,-74.97,-64.61
783,611,-74.98,-69.03
784,1027,-74.96,-63.32
785,1221,-74.97,-60.35
786,1255,-74.95,-59.6
787,1600,-74.86,0.0
788,558,-74.81,-69.84
789,942,-74.78,-64.33
790,441,-74.79,-72.23
791,644,-74.74,-68.55
792,1278,-74.74,-59.24
793,1208,-74.64,-60.57
794,1028,-74.6,-63.32
795,1155,-74.62,-61.38
796,967,-74.55,-63.97
797,797,-74.56,-66.05
798,1074,-74.55,-62.81
799,1624,-74.55,0.0
800,521,-74.52,-70.47
801,794,-74.53,-66.13
802,1911,-74.51,0.0
803,1030,-74.53,-63.27
804,1759,-74.53,0.0
805,1800,-74.51,0.0
806,1200,-74.53,-60.65
807,1275,-74.45,-59.27
808,241,-74.45,-77.41
809,1714,-74.46,0.0
810,819,-74.39,-65.83
811,632,-74.39,-68.8
812,1982,-74.34,0.0
813,995,-74.34,-63.6
814,409,-74.33,-72.95
815,698,-74.31,-67.83
816,1694,-74.24,0.0
817,1120,-74.25,-61.97
818,1998,-74.22,0.0
819,834,-74.13,-65.53
820,966,-74.05,-63.98
821,902,-74.01,-64.71
822,589,-73.99,-69.35
823,372,-73.95,-73.77
824,431,-73.93,-72.51
825,1574,-73.9,0.0
826,1082,-73.87,-62.67
827,549,-73.87,-70.01
828,957,-73.83,-64.1
829,909,-73.83,-64.65
830,1036,-73.8,-63.21
831,551,-73.75,-69.97
832,1034,-73.73,-63.23
833,1579,-73.72,0.0
834,1018,-73.7,-63.39
835,1267,-73.65,-59.4
836,1868,-73.6,0.0
837,368,-73.59,-73.8
838,1438,-73.57,-54.05
839,163,-73.57,-80.01
840,660,-73.54,-68.36
841,1726,-73.54,0.0
842,1177,-73.51,-61.0
843,838,-73.51,-65.47
844,1713,-73.46,0.0
845,185,-73.44,-79.11
846,702,-73.43,-67.77
847,1351,-73.43,-57.5
848,1318,-73.41,-58.44
849,1025,-73.31,-63.36
850,1010,-73.32,-63.52
851,1885,-73.33,0.0
852,1996,-73.3,0.0
853,685,-73.3,-67.93
854,500,-73.25,-70.94
855,581,-73.14,-69.46
856,762,-73.11,-66.69
857,1560,-73.1,0.0
858,563,-73.02,-69.74
859,1007,-73.01,-63.55
860,517,-73.0,-70.57
861,947,-72.99,-64.27
862,1573,-72.95,0.0
863,1207,-72.92,-60.56
864,1913,-72.89,0.0
865,917,-72.86,-64.57
866,1873,-72.84,0.0
867,1104,-72.85,-62.22
868,731,-72.85,-67.32
869,497,-72.77,-71.01
870,1684,-72.74,0.0
871,1710,-72.75,0.0
872,508,-72.72,-70.79
873,1092,-72.71,-62.51
874,1119,-72.67,-61.98
875,1090,-72.67,-62.51
876,1219,-72.67,-60.4
877,778,-72.63,-66.42
878,1829,-72.59,0.0
879,775,-72.56,-66.52
880,1039,-72.54,-63.15
881,1195,-72.55,-60.75
882,1094,-72.51,-62.48
883,1019,-72.51,-63.39
884,585,-72.5,-69.44
885,1357,-72.5,-57.39
886,541,-72.47,-70.12
887,1040,-72.46,-63.14
888,522,-72.44,-70.48
889,1056,-72.44,-62.96
890,481,-72.4,-71.47
891,1327,-72.4,-58.12
892,593,-72.4,-69.26
893,1187,-72.33,-60.88
894,1274,-72.3,-59.3
895,1877,-72.25,0.0
896,1738,-72.21,0.0
897,1839,-72.18,0.0
898,839,-72.14,-65.47
899,1224,-72.12,-60.23
900,850,-72.13,-65.35
901,220,-72.13,-78.06
902,1674,-72.05,0.0
903,1365,-72.06,-57.21
904,1216,-72.05,-60.44
905,1946,-72.06,0.0
906,1869,-72.03,0.0
907,1664,-72.04,0.0
908,1261,-72.0,-59.51
909,1691,-71.97,0.0
910,1135,-71.97,-61.74
911,1317,-71.95,-58.46
912,599,-71.85,-69.22
913,1232,-71.82,-60.07
914,1277,-71.73,-59.24
915,1283,-71.71,-59.08
916,1084,-71.71,-62.62
917,626,-71.69,-68.88
918,780,-71.69,-66.37
919,1562,-71.71,0.0
920,770,-71.67,-66.6
921,1870,-71.68,0.0
922,1296,-71.68,-58.86
923,907,-71.63,-64.64
924,1840,-71.63,0.0
925,754,-71.63,-66.91
926,473,-71.61,-71.61
927,1372,-71.52,-56.99
928,1002,-71.52,-63.56
929,1381,-71.48,-56.65
930,1756,-71.48,0.0
931,1831,-71.47,0.0
932,1894,-71.42,0.0
933,757,-71.36,-66.85
934,1015,-71.33,-63.41
935,1931,-71.3,0.0
936,1060,-71.29,-62.95
937,863,-71.28,-65.1
938,1754,-71.21,0.0
939,1260,-71.21,-59.53
940,625,-71.18,-68.95
941,1581,-71.17,0.0
942,1114,-71.06,-62.08
943,1167,-71.07,-61.15
944,1687,-71.08,0.0
945,1240,-71.0,-59.85
946,741,-70.98,-67.06
947,1937,-70.96,0.0
948,1980,-70.96,0.0
949,619,-70.93,-68.97
950,955,-70.89,-64.12
951,974,-70.9,-63.84
952,722,-70.88,-67.37
953,386,-70.89,-73.46
954,1121,-70.81,-61.98
955,79,-70.81,-84.01
956,1978,-70.74,0.0
957,1795,-70.72,0.0
958,1330,-70.68,-57.94
959,1649,-70.67,0.0
960,1914,-70.61,0.0
961,284,-70.58,-76.0
962,817,-70.54,-65.84
963,1043,-70.54,-63.14
964,389,-70.5,-73.35
965,1399,-70.49,-55.88
966,1169,-70.42,-61.14
967,1936,-70.41,0.0
968,1250,-70.38,-59.73
969,1075,-70.38,-62.82
970,496,-70.37,-71.02
971,1180,-70.35,-60.98
972,173,-70.31,-79.72
973,1375,-70.31,-56.82
974,1201,-70.29,-60.67
975,708,-70.26,-67.68
976,634,-70.26,-68.74
977,1368,-70.23,-57.13
978,1972,-70.19,0.0
979,1279,-70.17,-59.23
980,944,-70.16,-64.3
981,852,-70.1,-65.21
982,993,-70.1,-63.63
983,1669,-70.08,0.0
984,1033,-70.08,-63.23
985,892,-70.07,-64.8
986,1209,-70.01,-60.58
987,1992,-70.03,0.0
988,1915,-70.01,0.0
989,809,-69.96,-65.91
990,587,-69.95,-69.43
991,875,-69.93,-64.96
992,968,-69.93,-63.96
993,1174,-69.85,-61.05
994,1436,-69.85,-54.11
995,1146,-69.83,-61.49
996,1312,-69.82,-58.56
997,392,-69.8,-73.29
998,1849,-69.8,0.0
999,1305,-69.78,-58.65
1000,848,-69.79,-65.39
1001,1223,-69.71,-60.27
1002,1196,-69.69,-60.76
1003,1348,-69.65,-57.59
1004,1083,-69.67,-62.64
1005,918,-69.67,-64.57
1006,1246,-69.61,-59.77
1007,249,-69.58,-77.2
1008,1006,-69.47,-63.55
1009,1162,-69.46,-61.27
1010,462,-69.43,-71.8
1011,1335,-69.38,-57.88
1012,419,-69.31,-72.7
1013,1138,-69.27,-61.71
1014,1287,-69.25,-58.98
1015,972,-69.21,-63.9
1016,1909,-69.21,0.0
1017,1718,-69.18,0.0
1018,1919,-69.19,0.0
1019,719,-69.15,-67.47
1020,1289,-69.12,-58.92
1021,898,-69.11,-64.73
1022,772,-69.11,-66.55
1023,1319,-69.11,-58.42
1024,1388,-69.09,-56.23
1025,1046,-69.09,-63.08
1026,973,-69.07,-63.9
1027,894,-69.04,-64.81
1028,1081,-69.03,-62.69
1029,1242,-69.03,-59.85
1030,976,-68.99,-63.81
1031,1152,-69.0,-61.42
1032,1150,-69.0,-61.48
1033,1065,-68.94,-62.87
1034,1126,-68.93,-61.93
1035,1184,-68.92,-60.93
1036,1161,-68.89,-61.25
1037,1799,-68.84,0.0
1038,1973,-68.84,0.0
1039,1005,-68.85,-63.54
1040,1897,-68.81,0.0
1041,1886,-68.79,0.0
1042,1297,-68.75,-58.83
1043,1891,-68.77,0.0
1044,452,-68.76,-72.02
1045,916,-68.73,-64.57
1046,713,-68.66,-67.58
1047,1356,-68.63,-57.38
1048,1653,-68.64,0.0
1049,450,-68.61,-72.02
1050,1029,-68.58,-63.3
1051,736,-68.59,-67.21
1052,1316,-68.54,-58.49
1053,1384,-68.52,-56.49
1054,1338,-68.52,-57.81
1055,1403,-68.4,-55.79
1056,1190,-68.41,-60.79
1057,1677,-68.38,0.0
1058,1852,-68.38,0.0
1059,532,-68.35,-70.26
1060,1362,-68.3,-57.24
1061,1042,-68.19,-63.14
1062,1397,-68.14,-55.89
1063,1192,-68.12,-60.77
1064,1927,-68.09,0.0
1065,1038,-68.01,-63.15
1066,1322,-67.92,-58.38
1067,1229,-67.88,-60.12
1068,1294,-67.89,-58.87
1069,884,-67.83,-64.87
1070,1073,-67.8,-62.84
1071,405,-67.76,-73.03
1072,1802,-67.73,0.0
1073,1230,-67.71,-60.08
1074,960,-67.67,-64.08
1075,1855,-67.67,0.0
1076,782,-67.64,-66.33
1077,1644,-67.62,0.0
1078,1259,-67.55,-59.52
1079,1016,-67.55,-63.43
1080,1605,-67.49,0.0
1081,688,-67.5,-67.93
1082,1276,-67.37,-59.29
1083,749,-67.36,-66.97
1084,1724,-67.35,0.0
1085,891,-67.33,-64.79
1086,886,-67.32,-64.87
1087,1243,-67.3,-59.83
1088,1858,-67.19,0.0
1089,1820,-67.18,0.0
1090,1350,-67.12,-57.56
1091,1575,-67.07,0.0
1092,1325,-67.05,-58.26
1093,1122,-66.99,-61.98
1094,1744,-66.99,0.0
1095,1111,-66.95,-62.14
1096,1686,-66.85,0.0
1097,1314,-66.82,-58.53
1098,1700,-66.76,0.0
1099,1830,-66.76,0.0
1100,1682,-66.74,0.0
1101,1191,-66.73,-60.79
1102,1206,-66.71,-60.58
1103,847,-66.68,-65.39
1104,994,-66.64,-63.63
1105,506,-66.62,-70.84
1106,1183,-66.58,-60.97
1107,872,-66.58,-64.98
1108,629,-66.57,-68.81
1109,969,-66.57,-63.89
1110,1717,-66.56,0.0
1111,1102,-66.51,-62.24
1112,1597,-66.52,0.0
1113,1446,-66.52,-53.71
1114,553,-66.44,-69.94
1115,1331,-66.46,-57.9
1116,1500,-66.34,-50.52
1117,1787,-66.19,0.0
1118,1706,-66.17,0.0
1119,1053,-66.17,-63.07
1120,985,-66.13,-63.7
1121,1951,-66.11,0.0
1122,682,-66.07,-67.98
1123,1290,-66.03,-58.91
1124,707,-66.02,-67.7
1125,1202,-65.98,-60.63
1126,1841,-65.96,0.0
1127,1213,-65.92,-60.53
1128,1819,-65.84,0.0
1129,1263,-65.81,-59.48
1130,1896,-65.83,0.0
1131,1871,-65.81,0.0
1132,1197,-65.8,-60.71
1133,1352,-65.73,-57.47
1134,1117,-65.73,-62.0
1135,1374,-65.71,-56.84
1136,1444,-65.7,-53.84
1137,1488,-65.68,-51.42
1138,603,-65.59,-69.08
1139,1445,-65.54,-53.8
1140,1385,-65.56,-56.45
1141,1339,-65.53,-57.8
1142,774,-65.46,-66.5
1143,1720,-65.43,0.0
1144,507,-65.35,-70.83
1145,1144,-65.35,-61.52
1146,810,-65.31,-65.87
1147,1433,-65.32,-54.3
1148,1148,-65.28,-61.5
1149,1425,-65.23,-54.64
1150,1635,-65.23,0.0
1151,1355,-65.22,-57.42
1152,1660,-65.2,0.0
1153,895,-65.18,-64.78
1154,1525,-65.16,-48.06
1155,1299,-65.14,-58.73
1156,1323,-65.11,-58.35
1157,1578,-65.1,0.0
1158,1753,-65.05,0.0
1159,1258,-64.97,-59.51
1160,1248,-64.89,-59.73
1161,1364,-64.9,-57.23
1162,1098,-64.85,-62.35
1163,1935,-64.87,0.0
1164,1070,-64.84,-62.84
1165,1442,-64.83,-53.99
1166,1076,-64.83,-62.82
1167,1367,-64.79,-57.15
1168,1089,-64.74,-62.54
1169,1164,-64.67,-61.2
1170,1382,-64.64,-56.57
1171,1306,-64.6,-58.61
1172,1735,-64.58,0.0
1173,1474,-64.59,-52.28
1174,1262,-64.6,-59.53
1175,1499,-64.57,-50.58
1176,1699,-64.51,0.0
1177,1103,-64.41,-62.26
1178,1475,-64.42,-52.15
1179,1346,-64.29,-57.7
1180,1521,-64.3,-48.59
1181,1469,-64.26,-52.65
1182,1791,-64.22,0.0
1183,1892,-64.22,0.0
1184,1440,-64.21,-54.02
1185,1428,-64.17,-54.5
1186,1215,-64.04,-60.49
1187,1832,-64.05,0.0
1188,1804,-64.04,0.0
1189,1245,-64.0,-59.78
1190,1630,-63.95,0.0
1191,1615,-63.89,0.0
1192,1661,-63.91,0.0
1193,1380,-63.84,-56.68
1194,1220,-63.82,-60.36
1195,1518,-63.79,-48.83
1196,1044,-63.74,-63.15
1197,493,-63.73,-71.07
1198,1434,-63.7,-54.26
1199,1143,-63.64,-61.56
1200,1408,-63.6,-55.64
1201,1281,-63.42,-59.16
1202,635,-63.31,-68.74
1203,1511,-63.3,-49.48
1204,1466,-63.21,-52.82
1205,1413,-63.18,-55.42
1206,1115,-63.17,-62.03
1207,1419,-63.02,-54.99
1208,1496,-63.03,-50.77
1209,1599,-63.01,0.0
1210,1797,-62.87,0.0
1211,1498,-62.88,-50.7
1212,1449,-62.82,-53.51
1213,1863,-62.83,0.0
1214,1696,-62.83,0.0
1215,1458,-62.83,-53.32
1216,1298,-62.78,-58.79
1217,1373,-62.72,-56.99
1218,1448,-62.61,-53.55
1219,1341,-62.6,-57.77
1220,1347,-62.61,-57.61
1221,1214,-62.52,-60.51
1222,1506,-62.48,-49.8
1223,1888,-62.5,0.0
1224,1697,-62.45,0.0
1225,1116,-62.39,-62.05
1226,1476,-62.22,-52.07
1227,1616,-62.23,0.0
1228,1670,-62.22,0.0
1229,1273,-62.1,-59.34
1230,1812,-62.07,0.0
1231,1785,-62.04,0.0
1232,1431,-62.05,-54.34
1233,1411,-62.0,-55.57
1234,1008,-61.99,-63.54
1235,391,-61.96,-73.29
1236,1334,-61.93,-57.88
1237,652,-61.83,-68.48
1238,1001,-61.73,-63.56
1239,1910,-61.74,0.0
1240,1777,-61.73,0.0
1241,1478,-61.67,-52.0
1242,1648,-61.58,0.0
1243,1142,-61.45,-61.62
1244,896,-61.27,-64.76
1245,1569,-61.24,0.0
1246,1012,-61.18,-63.48
1247,1636,-61.11,0.0
1248,1748,-61.09,0.0
1249,1878,-61.02,0.0
1250,1513,-61.02,-49.38
1251,1326,-61.0,-58.15
1252,1507,-60.87,-49.63
1253,1349,-60.85,-57.58
1254,1332,-60.84,-57.91
1255,1495,-60.77,-50.8
1256,1856,-60.73,0.0
1257,1404,-60.68,-55.76
1258,1450,-60.66,-53.51
1259,1447,-60.58,-53.66
1260,1151,-60.42,-61.46
1261,1435,-60.32,-54.15
1262,1705,-60.27,0.0
1263,1421,-60.09,-54.75
1264,1377,-60.0,-56.8
1265,1405,-59.97,-55.75
1266,1055,-59.92,-63.01
1267,1541,-59.72,-43.96
1268,1320,-59.67,-58.41
1269,1244,-59.57,-59.78
1270,1394,-59.56,-56.06
1271,1865,-59.52,0.0
1272,1755,-59.41,0.0
1273,1933,-59.25,0.0
1274,1561,-59.18,0.0
1275,1340,-59.13,-57.78
1276,1533,-59.1,-46.88
1277,795,-59.07,-66.08
1278,1704,-58.86,0.0
1279,1429,-58.79,-54.4
1280,1501,-58.74,-50.46
1281,1396,-58.67,-55.88
1282,1175,-58.66,-61.02
1283,1492,-58.64,-50.93
1284,1629,-58.56,0.0
1285,1490,-58.45,-51.21
1286,1503,-58.41,-49.91
1287,1772,-58.37,0.0
1288,1427,-58.31,-54.54
1289,1479,-58.25,-51.89
1290,1639,-58.23,0.0
1291,1268,-58.0,-59.37
1292,1504,-57.86,-49.86
1293,1386,-57.79,-56.45
1294,1463,-57.62,-53.17
1295,1516,-57.58,-49.21
1296,1577,-57.37,0.0
1297,1743,-57.37,0.0
1298,1668,-57.34,0.0
1299,1400,-57.34,-55.88
1300,1847,-57.29,0.0
1301,1464,-57.22,-52.97
1302,980,-57.17,-63.79
1303,1410,-57.01,-55.6
1304,1950,-56.84,0.0
1305,1477,-56.75,-52.01
1306,1484,-56.73,-51.61
1307,1732,-56.73,0.0
1308,1989,-56.71,0.0
1309,1502,-56.58,-50.25
1310,1472,-56.46,-52.46
1311,1424,-56.23,-54.64
1312,1487,-56.22,-51.49
1313,1566,-56.22,0.0
1314,1345,-56.03,-57.71
1315,1900,-55.82,0.0
1316,1412,-55.46,-55.47
1317,1353,-55.0,-57.44
1318,1519,-54.92,-48.72
1319,1494,-54.79,-50.83
1320,1523,-54.6,-48.28
1321,1460,-54.5,-53.22
1322,1468,-54.52,-52.7
1323,1859,-53.88,0.0
1324,1489,-53.89,-51.36
1325,1524,-53.83,-48.25
1326,1455,-53.8,-53.4
1327,1462,-53.78,-53.18
1328,1467,-53.73,-52.83
1329,1483,-53.51,-51.59
1330,1470,-53.31,-52.6
1331,1515,-53.27,-49.27
1332,1887,-53.15,0.0
1333,1508,-52.94,-49.54
1334,1517,-52.81,-48.83
1335,1538,-52.41,-44.57
1336,1545,-52.07,-42.15
1337,1509,-51.99,-49.54
1338,1512,-51.84,-49.43
1339,1418,-51.77,-55.14
1340,1451,-51.56,-53.52
1341,1529,-51.51,-47.68
1342,1510,-51.38,-49.52
1343,1536,-51.36,-45.26
1344,1543,-50.97,-43.29
1345,1547,-50.79,-41.6
1346,1528,-50.75,-47.8
1347,1471,-50.58,-52.57
1348,1550,-50.53,-41.08
1349,1544,-50.52,-42.42
1350,1532,-49.93,-47.21
1351,1537,-49.37,-44.78
1352,1549,-49.28,-41.16
1353,1539,-48.62,-44.5
1354,1540,-47.99,-44.12
1355,1531,-47.92,-47.41
1356,1552,-47.15,-40.11
1357,1548,-46.04,-41.29
1358,1551,-45.23,-41.02
1359,1556,-41.77,-33.18
1360,1535,-41.33,-45.55
1361,1752,-40.97,0.0
1362,1588,-40.52,0.0
1363,1658,-39.06,0.0
1364,1546,-38.07,-42.04
1365,1554,-38.05,-34.96
1366,1557,-38.0,-25.51
1367,1553,-36.8,-35.26
1368,1558,-30.55,-23.02
1369,1022,0.0,-63.37
1370,628,0.0,-68.85
1371,1369,0.0,-57.03
1372,1505,0.0,-49.83
1373,1045,0.0,-63.1
1374,1638,0.0,0.0
1375,687,0.0,-67.91
1376,1280,0.0,-59.19
1377,853,0.0,-65.19
1378,1333,0.0,-57.89
1379,449,0.0,-72.04
1380,1701,0.0,0.0
1381,1903,0.0,0.0
1382,1771,0.0,0.0
1383,1643,0.0,0.0
1384,1698,0.0,0.0
1385,651,0.0,-68.48
1386,1576,0.0,0.0
1387,1337,0.0,-57.82
1388,787,0.0,-66.23
1389,1158,0.0,-61.33
1390,871,0.0,-64.97
1391,704,0.0,-67.73
1392,694,0.0,-67.85
1393,677,0.0,-68.02
1394,601,0.0,-69.12
1395,1725,0.0,0.0
1396,1252,0.0,-59.66
1397,528,0.0,-70.33
1398,318,0.0,-75.14
1399,1414,0.0,-55.37
1400,1572,0.0,0.0
1401,538,0.0,-70.2
1402,1883,0.0,0.0
1403,1943,0.0,0.0
1404,1921,0.0,0.0
1405,905,0.0,-64.68
1406,1439,0.0,-54.02
1407,511,0.0,-70.75
1408,1940,0.0,0.0
1409,1604,0.0,0.0
1410,1784,0.0,0.0
1411,1650,0.0,0.0
1412,149,0.0,-80.51
1413,1441,0.0,-54.0
1414,1930,0.0,0.0
1415,1788,0.0,0.0
1416,1959,0.0,0.0
1417,926,0.0,-64.49
1418,1526,0.0,-48.04
1419,1824,0.0,0.0
1420,1390,0.0,-56.18
1421,403,0.0,-73.03
1422,1890,0.0,0.0
1423,434,0.0,-72.46
1424,1814,0.0,0.0
1425,1493,0.0,-50.86
1426,1457,0.0,-53.35
1427,1266,0.0,-59.39
1428,1239,0.0,-59.89
1429,226,0.0,-77.84
1430,1727,0.0,0.0
1431,1052,0.0,-63.07
1432,1719,0.0,0.0
1433,1178,0.0,-61.0
1434,1204,0.0,-60.61
1435,1825,0.0,0.0
1436,658,0.0,-68.41
1437,1995,0.0,0.0
1438,1904,0.0,0.0
1439,101,0.0,-82.75
1440,1233,0.0,-60.05
1441,540,0.0,-70.13
1442,1595,0.0,0.0
1443,1747,0.0,0.0
1444,1864,0.0,0.0
1445,143,0.0,-80.72
1446,490,0.0,-71.24
1447,1251,0.0,-59.7
1448,1591,0.0,0.0
1449,1736,0.0,0.0
1450,1292,0.0,-58.9
1451,1159,0.0,-61.28
1452,1163,0.0,-61.23
1453,1256,0.0,-59.59
1454,1328,0.0,-57.98
1455,1360,0.0,-57.32
1456,1850,0.0,0.0
1457,1625,0.0,0.0
1458,1783,0.0,0.0
1459,836,0.0,-65.48
1460,1960,0.0,0.0
1461,1096,0.0,-62.43
1462,1809,0.0,0.0
1463,755,0.0,-66.85
1464,1969,0.0,0.0
1465,715,0.0,-67.56
1466,1072,0.0,-62.86
1467,62,0.0,-85.47
1468,1459,0.0,-53.25
1469,1112,0.0,-62.09
1470,1401,0.0,-55.85
1471,949,0.0,-64.23
1472,1534,0.0,-46.64
1473,982,0.0,-63.73
1474,760,0.0,-66.82
1475,297,0.0,-75.51
1476,751,0.0,-66.96
1477,1843,0.0,0.0
1478,108,0.0,-82.35
1479,407,0.0,-73.0
1480,655,0.0,-68.42
1481,1749,0.0,0.0
1482,1205,0.0,-60.57
1483,1778,0.0,0.0
1484,813,0.0,-65.87
1485,504,0.0,-70.88
1486,1100,0.0,-62.3
1487,604,0.0,-69.07
1488,1035,0.0,-63.2
1489,831,0.0,-65.54
1490,1172,0.0,-61.12
1491,799,0.0,-65.99
1492,263,0.0,-76.56
1493,1994,0.0,0.0
1494,1031,0.0,-63.27
1495,714,0.0,-67.59
1496,566,0.0,-69.7
1497,1822,0.0,0.0
1498,1587,0.0,0.0
1499,557,0.0,-69.87
1500,1656,0.0,0.0
1501,469,0.0,-71.65
1502,1480,0.0,-51.89
1503,801,0.0,-65.99
1504,1985,0.0,0.0
1505,649,0.0,-68.52
1506,1589,0.0,0.0
1507,1944,0.0,0.0
1508,1559,0.0,-17.62
1509,1662,0.0,0.0
1510,1293,0.0,-58.88
1511,1657,0.0,0.0
1512,1009,0.0,-63.5
1513,1170,0.0,-61.13
1514,1542,0.0,-43.63
1515,1614,0.0,0.0
1516,567,0.0,-69.65
1517,1702,0.0,0.0
1518,1378,0.0,-56.73
1519,1580,0.0,0.0
1520,887,0.0,-64.83
1521,369,0.0,-73.77
1522,800,0.0,-65.99
1523,1041,0.0,-63.16
1524,1376,0.0,-56.79
1525,954,0.0,-64.13
1526,1193,0.0,-60.75
1527,155,0.0,-80.25
1528,804,0.0,-65.98
1529,752,0.0,-66.95
1530,1301,0.0,-58.75
1531,1026,0.0,-63.34
1532,408,0.0,-73.0
1533,458,0.0,-71.88
1534,1452,0.0,-53.48
1535,1249,0.0,-59.73
1536,413,0.0,-72.83
1537,657,0.0,-68.4
1538,1269,0.0,-59.37
1539,1023,0.0,-63.35
1540,491,0.0,-71.21
1541,1563,0.0,0.0
1542,1185,0.0,-60.92
1543,876,0.0,-64.92
1544,803,0.0,-65.97
1545,1272,0.0,-59.36
1546,802,0.0,-65.96
1547,1222,0.0,-60.36
1548,470,0.0,-71.64
1549,1667,0.0,0.0
1550,420,0.0,-72.67
1551,851,0.0,-65.3
1552,524,0.0,-70.4
1553,733,0.0,-67.26
1554,1182,0.0,-61.0
1555,1584,0.0,0.0
1556,1764,0.0,0.0
1557,140,0.0,-80.96
1558,1417,0.0,-55.24
1559,1905,0.0,0.0
1560,622,0.0,-68.94
1561,1387,0.0,-56.24
1562,474,0.0,-71.61
1563,1941,0.0,0.0
1564,842,0.0,-65.43
1565,1106,0.0,-62.2
1566,647,0.0,-68.51
1567,1709,0.0,0.0
1568,1109,0.0,-62.16
1569,571,0.0,-69.59
1570,1582,0.0,0.0
1571,758,0.0,-66.81
1572,1596,0.0,0.0
1573,1231,0.0,-60.1
1574,961,0.0,-64.09
1575,620,0.0,-68.96
1576,1689,0.0,0.0
1577,1066,0.0,-62.88
1578,818,0.0,-65.86
1579,1130,0.0,-61.87
1580,1486,0.0,-51.53
1581,656,0.0,-68.41
1582,1473,0.0,-52.35
1583,1286,0.0,-59.03
1584,1095,0.0,-62.44
1585,236,0.0,-77.45
1586,927,0.0,-64.47
1587,670,0.0,-68.13
1588,1282,0.0,-59.11
1589,681,0.0,-67.99
1590,1602,0.0,0.0
1591,1603,0.0,0.0
1592,1241,0.0,-59.85
1593,513,0.0,-70.64
1594,856,0.0,-65.17
1595,1608,0.0,0.0
1596,1422,0.0,-54.69
1597,1598,0.0,0.0
1598,862,0.0,-65.1
1599,935,0.0,-64.45
1600,830,0.0,-65.59
1601,1212,0.0,-60.57
1602,617,0.0,-69.01
1603,1398,0.0,-55.89
1604,131,0.0,-81.37
1605,1634,0.0,0.0
1606,1482,0.0,-51.75
1607,357,0.0,-74.0
1608,674,0.0,-68.03
1609,650,0.0,-68.52
1610,303,0.0,-75.45
1611,1622,0.0,0.0
1612,1623,0.0,0.0
1613,943,0.0,-64.3
1614,207,0.0,-78.52
1615,1079,0.0,-62.78
1616,913,0.0,-64.6
1617,742,0.0,-67.02
1618,343,0.0,-74.41
1619,931,0.0,-64.48
1620,366,0.0,-73.81
1621,1391,0.0,-56.18
1622,519,0.0,-70.5
1623,861,0.0,-65.11
1624,923,0.0,-64.54
1625,878,0.0,-64.92
1626,1021,0.0,-63.37
1627,1304,0.0,-58.64
1628,932,0.0,-64.47
1629,1054,0.0,-63.03
1630,1818,0.0,0.0
1631,288,0.0,-75.91
1632,1681,0.0,0.0
1633,447,0.0,-72.05
1634,648,0.0,-68.52
1635,1211,0.0,-60.58
1636,1080,0.0,-62.79
1637,1948,0.0,0.0
1638,1618,0.0,0.0
1639,1132,0.0,-61.79
1640,1430,0.0,-54.36
1641,925,0.0,-64.5
1642,161,0.0,-80.05
1643,1179,0.0,-60.98
1644,1956,0.0,0.0
1645,1485,0.0,-51.57
1646,1101,0.0,-62.32
1647,1741,0.0,0.0
1648,543,0.0,-70.11
1649,822,0.0,-65.72
1650,1069,0.0,-62.84
1651,1302,0.0,-58.73
1652,828,0.0,-65.61
1653,929,0.0,-64.46
1654,1108,0.0,-62.18
1655,539,0.0,-70.17
1656,1665,0.0,0.0
1657,1024,0.0,-63.37
1658,1123,0.0,-61.98
1659,897,0.0,-64.77
1660,606,0.0,-69.07
1661,1324,0.0,-58.33
1662,569,0.0,-69.61
1663,1057,0.0,-62.96
1664,1949,0.0,0.0
1665,1402,0.0,-55.83
1666,636,0.0,-68.72
1667,951,0.0,-64.21
1668,1303,0.0,-58.7
1669,726,0.0,-67.38
1670,1990,0.0,0.0
1671,439,0.0,-72.24
1672,384,0.0,-73.51
1673,1760,0.0,0.0
1674,711,0.0,-67.64
1675,1716,0.0,0.0
1676,387,0.0,-73.45
1677,276,0.0,-76.15
1678,992,0.0,-63.62
1679,71,0.0,-84.67
1680,1406,0.0,-55.72
1681,1977,0.0,0.0
1682,1793,0.0,0.0
1683,1925,0.0,0.0
1684,840,0.0,-65.46
1685,1131,0.0,-61.84
1686,662,0.0,-68.37
1687,843,0.0,-65.42
1688,376,0.0,-73.64
1689,168,0.0,-79.85
1690,525,0.0,-70.41
1691,1762,0.0,0.0
1692,1514,0.0,-49.29
1693,999,0.0,-63.59
1694,1962,0.0,0.0
1695,783,0.0,-66.32
1696,988,0.0,-63.67
1697,1707,0.0,0.0
1698,1059,0.0,-62.96
1699,466,0.0,-71.73
1700,1313,0.0,-58.57
1701,922,0.0,-64.54
1702,320,0.0,-75.15
1703,1712,0.0,0.0
1704,948,0.0,-64.27
1705,701,0.0,-67.76
1706,885,0.0,-64.85
1707,1520,0.0,-48.67
1708,1555,0.0,-33.85
1709,1004,0.0,-63.54
1710,477,0.0,-71.54
1711,1107,0.0,-62.2
1712,759,0.0,-66.8
1713,1721,0.0,0.0
1714,1210,0.0,-60.57
1715,1723,0.0,0.0
1716,735,0.0,-67.2
1717,234,0.0,-77.56
1718,1176,0.0,-61.01
1719,930,0.0,-64.48
1720,807,0.0,-65.93
1721,904,0.0,-64.69
1722,479,0.0,-71.48
1723,180,0.0,-79.31
1724,1461,0.0,-53.18
1725,615,0.0,-68.99
1726,1922,0.0,0.0
1727,1737,0.0,0.0
1728,893,0.0,-64.79
1729,984,0.0,-63.73
1730,1188,0.0,-60.87
1731,1692,0.0,0.0
1732,210,0.0,-78.46
1733,1342,0.0,-57.78
1734,1000,0.0,-63.57
1735,1967,0.0,0.0
1736,1607,0.0,0.0
1737,964,0.0,-64.06
1738,1465,0.0,-52.88
1739,1454,0.0,-53.42
1740,1655,0.0,0.0
1741,499,0.0,-70.99
1742,42,0.0,-89.35
1743,1443,0.0,-53.84
1744,1848,0.0,0.0
1745,1640,0.0,0.0
1746,1147,0.0,-61.49
1747,1437,0.0,-54.05
1748,1867,0.0,0.0
1749,1592,0.0,0.0
1750,1344,0.0,-57.76
1751,859,0.0,-65.15
1752,1821,0.0,0.0
1753,349,0.0,-74.26
1754,1309,0.0,-58.59
1755,1137,0.0,-61.72
1756,1416,0.0,-55.27
1757,1765,0.0,0.0
1758,418,0.0,-72.73
1759,122,0.0,-81.74
1760,1768,0.0,0.0
1761,1395,0.0,-56.04
1762,324,0.0,-75.06
1763,835,0.0,-65.53
1764,530,0.0,-70.3
1765,952,0.0,-64.21
1766,1091,0.0,-62.52
1767,1774,0.0,0.0
1768,1991,0.0,0.0
1769,1168,0.0,-61.15
1770,317,0.0,-75.22
1771,358,0.0,-74.0
1772,1766,0.0,0.0
1773,1851,0.0,0.0
1774,1370,0.0,-57.03
1775,1601,0.0,0.0
1776,1218,0.0,-60.38
1777,785,0.0,-66.31
1778,573,0.0,-69.6
1779,375,0.0,-73.68
1780,1637,0.0,0.0
1781,1307,0.0,-58.62
1782,971,0.0,-63.91
1783,115,0.0,-82.01
1784,1481,0.0,-51.83
1785,883,0.0,-64.85
1786,1157,0.0,-61.36
1787,1794,0.0,0.0
1788,427,0.0,-72.58
1789,1671,0.0,0.0
1790,1796,0.0,0.0
1791,779,0.0,-66.35
1792,1058,0.0,-62.98
1793,746,0.0,-66.98
1794,725,0.0,-67.38
1795,1627,0.0,0.0
1796,550,0.0,-70.0
1797,1986,0.0,0.0
1798,397,0.0,-73.19
1799,1872,0.0,0.0
1800,1983,0.0,0.0
1801,1899,0.0,0.0
1802,869,0.0,-65.02
1803,225,0.0,-77.89
1804,669,0.0,-68.17
1805,805,0.0,-65.96
1806,1315,0.0,-58.54
1807,422,0.0,-72.6
1808,1934,0.0,0.0
1809,1695,0.0,0.0
1810,1105,0.0,-62.21
1811,1371,0.0,-57.02
1812,928,0.0,-64.48
1813,1321,0.0,-58.38
1814,979,0.0,-63.77
1815,734,0.0,-67.24
1816,1409,0.0,-55.61
1817,1407,0.0,-55.69
1818,1141,0.0,-61.68
1819,1310,0.0,-58.58
1820,1014,0.0,-63.45
1821,169,0.0,-79.81
1822,1621,0.0,0.0
1823,341,0.0,-74.5
1824,1612,0.0,0.0
1825,1619,0.0,0.0
1826,654,0.0,-68.44
1827,1393,0.0,-56.12
1828,166,0.0,-79.91
1829,1997,0.0,0.0
1830,1828,0.0,0.0
1831,1833,0.0,0.0
1832,1834,0.0,0.0
1833,1835,0.0,0.0
1834,1013,0.0,-63.49
1835,1063,0.0,-62.92
1836,377,0.0,-73.63
1837,1758,0.0,0.0
1838,821,0.0,-65.8
1839,1497,0.0,-50.72
1840,1757,0.0,0.0
1841,1880,0.0,0.0
1842,768,0.0,-66.63
1843,516,0.0,-70.58
1844,446,0.0,-72.12
1845,562,0.0,-69.79
1846,1226,0.0,-60.22
1847,231,0.0,-77.58
1848,1853,0.0,0.0
1849,997,0.0,-63.59
1850,978,0.0,-63.78
1851,855,0.0,-65.2
1852,1383,0.0,-56.56
1853,1136,0.0,-61.72
1854,1527,0.0,-48.0
1855,788,0.0,-66.23
1856,680,0.0,-68.01
1857,1861,0.0,0.0
1858,936,0.0,-64.43
1859,454,0.0,-71.99
1860,487,0.0,-71.32
1861,970,0.0,-63.89
1862,1329,0.0,-57.98
1863,1203,0.0,-60.62
1864,1085,0.0,-62.62
1865,198,0.0,-78.76
1866,1003,0.0,-63.58
1867,1730,0.0,0.0
1868,709,0.0,-67.68
1869,325,0.0,-75.03
1870,1050,0.0,-63.06
1871,1781,0.0,0.0
1872,1530,0.0,-47.44
1873,1354,0.0,-57.45
1874,963,0.0,-64.06
1875,1651,0.0,0.0
1876,1228,0.0,-60.13
1877,1659,0.0,0.0
1878,1731,0.0,0.0
1879,1881,0.0,0.0
1880,1061,0.0,-62.94
1881,1876,0.0,0.0
1882,1884,0.0,0.0
1883,1874,0.0,0.0
1884,683,0.0,-67.99
1885,692,0.0,-67.87
1886,421,0.0,-72.63
1887,710,0.0,-67.69
1888,326,0.0,-75.02
1889,1606,0.0,0.0
1890,844,0.0,-65.44
1891,537,0.0,-70.22
1892,1257,0.0,-59.57
1893,1392,0.0,-56.12
1894,950,0.0,-64.24
1895,1898,0.0,0.0
1896,300,0.0,-75.44
1897,282,0.0,-76.04
1898,1609,0.0,0.0
1899,1907,0.0,0.0
1900,791,0.0,-66.2
1901,1807,0.0,0.0
1902,777,0.0,-66.43
1903,693,0.0,-67.85
1904,1966,0.0,0.0
1905,1288,0.0,-58.94
1906,1792,0.0,0.0
1907,1642,0.0,0.0
1908,152,0.0,-80.36
1909,1420,0.0,-54.77
1910,1153,0.0,-61.42
1911,1186,0.0,-60.89
1912,1032,0.0,-63.27
1913,739,0.0,-67.13
1914,1836,0.0,0.0
1915,959,0.0,-64.1
1916,1064,0.0,-62.92
1917,1285,0.0,-59.04
1918,574,0.0,-69.57
1919,94,0.0,-83.16
1920,1846,0.0,0.0
1921,1077,0.0,-62.83
1922,608,0.0,-69.07
1923,1140,0.0,-61.69
1924,1125,0.0,-61.96
1925,465,0.0,-71.72
1926,1366,0.0,-57.21
1927,1964,0.0,0.0
1928,1270,0.0,-59.37
1929,827,0.0,-65.63
1930,740,0.0,-67.1
1931,1291,0.0,-58.89
1932,188,0.0,-79.1
1933,1361,0.0,-57.25
1934,724,0.0,-67.37
1935,588,0.0,-69.39
1936,857,0.0,-65.15
1937,415,0.0,-72.82
1938,767,0.0,-66.67
1939,1087,0.0,-62.54
1940,616,0.0,-69.01
1941,1173,0.0,-61.05
1942,1113,0.0,-62.1
1943,1961,0.0,0.0
1944,1803,0.0,0.0
1945,1942,0.0,0.0
1946,814,0.0,-65.89
1947,1359,0.0,-57.36
1948,1945,0.0,0.0
1949,1456,0.0,-53.37
1950,1999,0.0,0.0
1951,49,0.0,-88.26
1952,570,0.0,-69.6
1953,998,0.0,-63.59
1954,531,0.0,-70.3
1955,1952,0.0,0.0
1956,864,0.0,-65.06
1957,975,0.0,-63.82
1958,363,0.0,-73.87
1959,534,0.0,-70.27
1960,1954,0.0,0.0
1961,1453,0.0,-53.49
1962,1646,0.0,0.0
1963,1491,0.0,-51.2
1964,1336,0.0,-57.83
1965,1708,0.0,0.0
1966,664,0.0,-68.3
1967,858,0.0,-65.16
1968,1432,0.0,-54.31
1969,1181,0.0,-60.98
1970,877,0.0,-64.91
1971,1844,0.0,0.0
1972,1389,0.0,-56.22
1973,1971,0.0,0.0
1974,1237,0.0,-59.93
1975,983,0.0,-63.73
1976,987,0.0,-63.7
1977,1806,0.0,0.0
1978,1128,0.0,-61.9
1979,1154,0.0,-61.41
1980,1379,0.0,-56.68
1981,1947,0.0,0.0
1982,1979,0.0,0.0
1983,118,0.0,-81.9
1984,1811,0.0,0.0
1985,1958,0.0,0.0
1986,1426,0.0,-54.54
1987,1264,0.0,-59.46
1988,548,0.0,-70.01
1989,1987,0.0,0.0
1990,1988,0.0,0.0
1991,1522,0.0,-48.48
1992,412,0.0,-72.9
1993,743,0.0,-66.98
1994,870,0.0,-64.97
1995,197,0.0,-78.74
1996,806,0.0,-65.94
1997,1358,0.0,-57.36
1998,1711,0.0,0.0
1999,1779,0.0,0.0
2000,2000,0.0,0.0
2001,512,0.0,-70.67
2002,2044,0.0,0.0
2003,2040,0.0,0.0
2004,2029,0.0,0.0
2005,2035,0.0,0.0
2006,2010,0.0,0.0
2007,2052,0.0,0.0
2008,2022,0.0,0.0
2009,2009,0.0,0.0
2010,2053,0.0,0.0
2011,2011,0.0,0.0
2012,2007,0.0,0.0
2013,2020,0.0,0.0
2014,2041,0.0,0.0
2015,2027,0.0,0.0
2016,2023,0.0,0.0
2017,2008,0.0,0.0
2018,2012,0.0,0.0
2019,2026,0.0,0.0
2020,2055,0.0,0.0
2021,2046,0.0,0.0
2022,2045,0.0,0.0
2023,2016,0.0,0.0
2024,2019,0.0,0.0
2025,2033,0.0,0.0
2026,2034,0.0,0.0
2027,2006,0.0,0.0
2028,2025,0.0,0.0
2029,2017,0.0,0.0
2030,2030,0.0,0.0
2031,2028,0.0,0.0
2032,2036,0.0,0.0
2033,2054,0.0,0.0
2034,2018,0.0,0.0
2035,2049,0.0,0.0
2036,2056,0.0,0.0
2037,2031,0.0,0.0
2038,2003,0.0,0.0
2039,2005,0.0,0.0
2040,2032,0.0,0.0
2041,2021,0.0,0.0
2042,2047,0.0,0.0
2043,2048,0.0,0.0
2044,2043,0.0,0.0
2045,2038,0.0,0.0
2046,2042,0.0,0.0
2047,2037,0.0,0.0
2048,2015,0.0,0.0
2049,2039,0.0,0.0
2050,2050,0.0,0.0
2051,2051,0.0,0.0
2052,2014,0.0,0.0
2053,2024,0.0,0.0
2054,2002,0.0,0.0
2055,2013,0.0,0.0
2056,2004,0.0,0.0
